checkpoint_set,dataset,factor,metric,group,contrast_1,p_1,sign_1,contrast_2,p_2,sign_2,p_cell,p_cell_1e6_seed123,holm_rank_8,holm_threshold_8,holm_significant_8,holm_adjusted_p_8,holm_rank_32,holm_adjusted_p_32
current,amazon-book,direction,ndcg,long_tail,V1-V0,0.001909980900190998,+,V3-V2,0.0013099869001309988,+,0.001909980900190998,0.00170999829000171,1,0.00625,True,0.015279847201527984,1,0.06111938880611194
current,amazon-book,direction,ndcg,near_cold,V1-V0,0.04310956890431096,+,V3-V2,0.04254957450425496,+,0.04310956890431096,0.04240895759104241,2,0.0071428571428571435,False,0.30176698233017674,3,1.0
current,arts-crafts-and-sewing,direction,ndcg,long_tail,V1-V0,0.4180758192418076,-,V3-V2,0.5203947960520395,-,0.5203947960520395,0.522986477013523,6,0.016666666666666666,False,1.0,11,1.0
current,arts-crafts-and-sewing,direction,ndcg,near_cold,V1-V0,0.8075419245807542,-,V3-V2,0.5563444365556345,-,0.8075419245807542,0.8058261941738059,7,0.025,False,1.0,18,1.0
current,musical-instruments,direction,ndcg,long_tail,V1-V0,0.36061639383606164,+,V3-V2,0.33606663933360664,+,0.36061639383606164,0.35767564232435767,3,0.008333333333333333,False,1.0,6,1.0
current,musical-instruments,direction,ndcg,near_cold,V1-V0,0.45103548964510354,+,V3-V2,0.16974830251697484,+,0.45103548964510354,0.45176554823445175,4,0.01,False,1.0,8,1.0
current,yelp2018,direction,ndcg,long_tail,V1-V0,0.4925650743492565,-,V3-V2,0.3157968420315797,-,0.4925650743492565,0.49445950554049445,5,0.0125,False,1.0,10,1.0
current,yelp2018,direction,ndcg,near_cold,V1-V0,1.0,+,V3-V2,1.0,+,1.0,1.0,8,0.05,False,1.0,29,1.0
current,amazon-book,direction,recall,long_tail,V1-V0,0.016159838401615983,+,V3-V2,0.012209877901220988,+,0.016159838401615983,0.015656984343015656,1,0.00625,False,0.12927870721292786,2,0.5009549904500955
current,amazon-book,direction,recall,near_cold,V1-V0,0.17005829941700584,+,V3-V2,0.17005829941700584,+,0.17005829941700584,0.16997483002516997,2,0.0071428571428571435,False,1.0,4,1.0
current,arts-crafts-and-sewing,direction,recall,long_tail,V1-V0,0.10858891411085889,-,V3-V2,0.27893721062789373,-,0.27893721062789373,0.2794207205792794,3,0.008333333333333333,False,1.0,5,1.0
current,arts-crafts-and-sewing,direction,recall,near_cold,V1-V0,0.7272927270727293,-,V3-V2,0.1792482075179248,-,0.7272927270727293,0.7269322730677269,7,0.025,False,1.0,17,1.0
current,musical-instruments,direction,recall,long_tail,V1-V0,0.46322536774632256,+,V3-V2,0.49162508374916253,+,0.49162508374916253,0.4936885063114937,4,0.01,False,1.0,9,1.0
current,musical-instruments,direction,recall,near_cold,V1-V0,0.6252537474625254,+,V3-V2,0.45952540474595255,+,0.6252537474625254,0.6254583745416255,5,0.0125,False,1.0,14,1.0
current,yelp2018,direction,recall,long_tail,V1-V0,0.6323236767632324,-,V3-V2,0.4241557584424156,-,0.6323236767632324,0.6321253678746321,6,0.016666666666666666,False,1.0,15,1.0
current,yelp2018,direction,recall,near_cold,V1-V0,1.0,0,V3-V2,1.0,0,1.0,1.0,8,0.05,False,1.0,21,1.0
current,amazon-book,epsilon,ndcg,long_tail,V2-V0,0.3906060939390606,+,V3-V1,0.35545644543554566,+,0.3906060939390606,0.3904066095933904,1,0.00625,False,1.0,7,1.0
current,amazon-book,epsilon,ndcg,near_cold,V2-V0,1.0,-,V3-V1,1.0,0,1.0,1.0,6,0.016666666666666666,False,1.0,30,1.0
current,arts-crafts-and-sewing,epsilon,ndcg,long_tail,V2-V0,0.986670133298667,-,V3-V1,0.8949110508894911,+,0.986670133298667,0.9871300128699871,5,0.0125,False,1.0,20,1.0
current,arts-crafts-and-sewing,epsilon,ndcg,near_cold,V2-V0,0.1851981480185198,+,V3-V1,0.941130588694113,-,0.941130588694113,0.9405190594809405,4,0.01,False,1.0,19,1.0
current,musical-instruments,epsilon,ndcg,long_tail,V2-V0,0.3310066899331007,-,V3-V1,0.6376236237637624,-,0.6376236237637624,0.6355983644016356,3,0.008333333333333333,False,1.0,16,1.0
current,musical-instruments,epsilon,ndcg,near_cold,V2-V0,0.5182848171518285,-,V3-V1,0.6147738522614774,+,0.6147738522614774,0.6141273858726142,2,0.0071428571428571435,False,1.0,13,1.0
current,yelp2018,epsilon,ndcg,long_tail,V2-V0,0.06369936300636994,+,V3-V1,1.0,-,1.0,1.0,8,0.05,False,1.0,32,1.0
current,yelp2018,epsilon,ndcg,near_cold,V2-V0,1.0,0,V3-V1,1.0,0,1.0,1.0,7,0.025,False,1.0,31,1.0
current,amazon-book,epsilon,recall,long_tail,V2-V0,1.0,0,V3-V1,1.0,+,1.0,1.0,3,0.008333333333333333,False,1.0,23,1.0
current,amazon-book,epsilon,recall,near_cold,V2-V0,1.0,0,V3-V1,1.0,0,1.0,1.0,2,0.0071428571428571435,False,1.0,22,1.0
current,arts-crafts-and-sewing,epsilon,recall,long_tail,V2-V0,1.0,0,V3-V1,0.6674533254667453,+,1.0,1.0,8,0.05,False,1.0,28,1.0
current,arts-crafts-and-sewing,epsilon,recall,near_cold,V2-V0,1.0,+,V3-V1,0.7556624433755662,-,1.0,1.0,7,0.025,False,1.0,27,1.0
current,musical-instruments,epsilon,recall,long_tail,V2-V0,0.45733542664573357,-,V3-V1,0.5807441925580744,-,0.5807441925580744,0.5790424209575791,1,0.00625,False,1.0,12,1.0
current,musical-instruments,epsilon,recall,near_cold,V2-V0,1.0,+,V3-V1,0.5063449365506345,+,1.0,1.0,6,0.016666666666666666,False,1.0,26,1.0
current,yelp2018,epsilon,recall,long_tail,V2-V0,0.5018149818501815,+,V3-V1,1.0,0,1.0,1.0,5,0.0125,False,1.0,25,1.0
current,yelp2018,epsilon,recall,near_cold,V2-V0,1.0,0,V3-V1,1.0,0,1.0,1.0,4,0.01,False,1.0,24,1.0
nomerge,amazon-book,direction,ndcg,long_tail,V1-V0,0.932020679793202,-,V3-V2,0.8927610723892762,+,0.932020679793202,0.9326010673989326,,,,,,
nomerge,amazon-book,direction,ndcg,near_cold,V1-V0,0.02187978120218798,-,V3-V2,0.02157978420215798,-,0.02187978120218798,0.020846979153020848,,,,,,
nomerge,amazon-book,direction,recall,long_tail,V1-V0,0.8345416545834542,+,V3-V2,0.6492235077649223,+,0.8345416545834542,0.8339311660688339,,,,,,
nomerge,amazon-book,direction,recall,near_cold,V1-V0,0.03250967490325097,-,V3-V2,0.03250967490325097,-,0.03250967490325097,0.031207968792031207,,,,,,
nomerge,amazon-book,epsilon,ndcg,long_tail,V2-V0,0.5364746352536475,+,V3-V1,0.33098669013309867,+,0.5364746352536475,0.5393834606165394,,,,,,
nomerge,amazon-book,epsilon,ndcg,near_cold,V2-V0,1.0,+,V3-V1,1.0,0,1.0,1.0,,,,,,
nomerge,amazon-book,epsilon,recall,long_tail,V2-V0,1.0,0,V3-V1,0.5014749852501476,+,1.0,1.0,,,,,,
nomerge,amazon-book,epsilon,recall,near_cold,V2-V0,1.0,0,V3-V1,1.0,0,1.0,1.0,,,,,,
