variant,seed,N,H,J,S,recall_nc,U_LT,C_NC,C_MT,recall_lt,checkpoint_sha256
V0,42,5217,2,2,2.0,0.00038336208548974505,18907,7.052061846582395e-05,0.003179164477656479,0.003249685096122303,b356c262c5671c776bea8306c4edbfdb2c360f9b51b33f59262ab763565a87db
V0,0,5217,2,2,1.5,0.0002875215641173088,18907,6.346855661924155e-05,0.0033252219133420944,0.003388690469961336,293b852ce420976eee65d288dd564c06adcf73dd54c90d2378061fd386fad7fa
V0,1,5217,2,2,2.0,0.00038336208548974505,18907,0.00010578092769873591,0.003397006916633947,0.0035027878443326826,9c9cd13640bbddd2932bd409514dc7db864af53cd8a2e103b150f7b48df5ac2a
V1,42,5217,2,2,2.0,0.00038336208548974505,18907,7.052061846582395e-05,0.0031616735084712055,0.0032321941269370298,353f86236f3fcf54aa6b8b4aab72ed97f5b9d9f9fa84a988a7637016608ff880
V1,0,5217,2,2,1.5,0.0002875215641173088,18907,6.346855661924155e-05,0.0032970136659557646,0.003360482222575006,1f975d3c3ecb0cc500a6efaf3b0a8af84b85d304230c6d2771ead7ae75fe3dfa
V1,1,5217,2,2,2.0,0.00038336208548974505,18907,0.00010578092769873591,0.003344361316043141,0.0034501422437418767,d35fc31659ebad9148e70fc0bab11061232ebed67635c071b1167d771ffee0b4
V2,42,5217,2,2,2.0,0.00038336208548974505,18907,7.052061846582395e-05,0.0032320549415058466,0.003302575559971671,bdec4bfd0dd143028000f83d30d4c254738b62a10649b504c9b9690a96b9c418
V2,0,5217,2,2,1.5,0.0002875215641173088,18907,6.346855661924155e-05,0.0033252219133420944,0.003388690469961336,8d8fd121d715548354e8e2f266c2fd62460f5e95d561fd633d8d605541e6ea8d
V2,1,5217,2,2,2.0,0.00038336208548974505,18907,0.00010578092769873591,0.0034146370712504026,0.0035204179989491383,04a8afa57c5d6247f4260fd6d6e0026785e88cf1f68af81a95074748f66b727f
V3,42,5217,2,2,2.0,0.00038336208548974505,18907,7.052061846582395e-05,0.0031616735084712055,0.0032321941269370298,50134484e054e7d105315f555e55136c32b7b54fee39c1df4890d5d398b0a98c
V3,0,5217,2,2,1.5,0.0002875215641173088,18907,6.346855661924155e-05,0.0032970136659557646,0.003360482222575006,661b37f607bdfaf6fee71dab92bf191f4a3996b47d1eb92d6dbde95ecf79f9da
V3,1,5217,2,2,2.0,0.00038336208548974505,18907,0.00010578092769873591,0.003344361316043141,0.0034501422437418767,d3e5b5727dbc7e0e0819a903a177d5512a30e317b0f88687d79e4830625986f9
